Abia State,test@gmail.com,testing address
FCT Abuja,tvvs@gmail.com,testing address
Adamawa State,test@gmail.com,testing address
Akwa Ibom State,test@gmail.com,testing address
Anambra State,test@gmail.com,testing address
Bauchi State,test@gmail.com,testing address
Benue State,test@gmail.com,testing address
Borno State,test@gmail.com,testing address
Cross River State,test@gmail.com,testing address
Delta State,test@gmail.com,testing address
Edo State,test@gmail.com,testing address
Enugu,test@gmail.com,testing address
Imo,test@gmail.com,testing address
Jigawa State,test@gmail.com,testing address
Kaduna State,test@gmail.com,testing address
Kano State,test@gmail.com,testing address
Katsina State,test@gmail.com,testing address
Kebbi State,test@gmail.com,testing address
Kogi,test@gmail.com,testing address
Kwara State,test@gmail.com,testing address
Lagos,test@gmail.com,testing address
Niger State,test@gmail.com,testing address
Ogun State,test@gmail.com,testing address
Ondo State,test@gmail.com,testing address
Osun State,test@gmail.com,testing address
Oyo State,test@gmail.com,testing address
Plateau State,test@gmail.com,testing address
Rivers State,test@gmail.com,testing address
Sokoto State,test@gmail.com,testing address
Taraba State,test@gmail.com,testing address
Yobe State,test@gmail.com,testing address
Bayelsa State,test@gmail.com,testing address
Ekiti State,test@gmail.com,testing address
Ebonyi State,test@gmail.com,testing address
Gombe State,test@gmail.com,testing address
Nassarawa,test@gmail.com,testing address
Zamfara State,test@gmail.com,testing address
